0.0,0.6065573770491803,0.5639097744360902,0.6376811594202898,0.6639344262295082,0.6865671641791045,0.6714285714285714,0.6470588235294118,0.6557377049180327,0.6753246753246753,0.5882352941176471,0.696969696969697,0.65,0.6285714285714286,0.7592592592592593,0.6792452830188679,0.6842105263157895,0.7209302325581395,0.7,0.78125,0.8571428571428571,0.6538461538461539,0.7222222222222222,0.5909090909090909,0.7857142857142857,0.6666666666666666,0.8,0.75,0.8333333333333334,0.8181818181818182,0.8695652173913043,0.8076923076923077,0.6666666666666666,0.9090909090909091,0.7333333333333333,0.85,0.625,0.85,0.72,1.0,0.9,0.75,0.7692307692307693,0.9,0.8461538461538461,0.6,0.9090909090909091,0.6,0.8888888888888888,0.9090909090909091,1.0,0.9333333333333333,1.0,0.8333333333333334,0.7,0.9545454545454546,0.5833333333333334,1.0,0.8666666666666667,0.6428571428571429,1.0,0.9166666666666666,1.0,1.0,0.9137323943661971
0.39344262295081966,0.0,0.48333333333333334,0.5092592592592593,0.5739130434782609,0.6666666666666666,0.6119402985074627,0.5818181818181818,0.6470588235294118,0.4489795918367347,0.5957446808510638,0.62,0.5671641791044776,0.6363636363636364,0.7,0.5365853658536586,0.7777777777777778,0.6666666666666666,0.7407407407407407,0.6410256410256411,0.6774193548387096,0.7307692307692307,0.72,0.7727272727272727,0.6486486486486487,0.6842105263157895,0.7407407407407407,0.8947368421052632,0.5333333333333333,0.8888888888888888,0.7241379310344828,0.5,0.7368421052631579,0.6666666666666666,0.7692307692307693,0.7777777777777778,0.7692307692307693,0.5882352941176471,0.8095238095238095,0.8571428571428571,0.6666666666666666,0.7368421052631579,0.8,0.88,0.8461538461538461,0.8571428571428571,0.8333333333333334,0.75,0.9333333333333333,0.8,0.9230769230769231,0.7647058823529411,0.8571428571428571,0.8181818181818182,0.5,0.7857142857142857,1.0,0.6666666666666666,1.0,1.0,0.6923076923076923,0.75,0.8,0.875,0.8874773139745916
0.43609022556390975,0.5166666666666667,0.0,0.4666666666666667,0.5096153846153846,0.5844155844155844,0.5609756097560976,0.6056338028169014,0.6410256410256411,0.65625,0.660377358490566,0.5,0.5714285714285714,0.6538461538461539,0.5818181818181818,0.64,0.6739130434782609,0.6052631578947368,0.7,0.7931034482758621,0.631578947368421,0.6956521739130435,0.875,0.8,0.5555555555555556,0.5714285714285714,0.8,0.8888888888888888,0.6,0.8181818181818182,0.7333333333333333,0.64,0.6875,0.5555555555555556,0.8181818181818182,0.8571428571428571,0.7142857142857143,0.5714285714285714,1.0,0.625,0.5,0.7222222222222222,0.6666666666666666,0.625,0.6,0.6666666666666666,0.5,0.8,0.75,0.7,0.9090909090909091,0.9285714285714286,0.625,0.75,0.8,1.0,1.0,1.0,1.0,1.0,0.7142857142857143,0.8461538461538461,0.8181818181818182,1.0,0.8577981651376146
0.36231884057971014,0.49074074074074076,0.5333333333333333,0.0,0.5308641975308642,0.5753424657534246,0.46153846153846156,0.6037735849056604,0.6428571428571429,0.6984126984126984,0.5423728813559322,0.6521739130434783,0.6,0.7111111111111111,0.6078431372549019,0.6333333333333333,0.6451612903225806,0.6060606060606061,0.6774193548387096,0.6388888888888888,0.575,0.717948717948718,0.6666666666666666,0.8636363636363636,0.5714285714285714,0.7619047619047619,0.5263157894736842,0.9090909090909091,0.85,0.6428571428571429,0.7272727272727273,0.75,0.6923076923076923,0.6,0.631578947368421,0.7142857142857143,0.9285714285714286,0.7391304347826086,0.6666666666666666,0.625,0.7777777777777778,0.7333333333333333,0.8888888888888888,0.5555555555555556,0.7272727272727273,0.5,0.8,0.8333333333333334,0.6,0.875,0.5,0.8666666666666667,0.7142857142857143,1.0,1.0,0.625,0.6666666666666666,0.5714285714285714,1.0,0.6666666666666666,1.0,0.6363636363636364,1.0,0.8,0.8351893095768375
0.3360655737704918,0.4260869565217391,0.49038461538461536,0.4691358024691358,0.0,0.6024096385542169,0.5483870967741935,0.4576271186440678,0.5,0.6060606060606061,0.603448275862069,0.6363636363636364,0.5476190476190477,0.4117647058823529,0.6904761904761905,0.6666666666666666,0.6666666666666666,0.5862068965517241,0.5,0.6428571428571429,0.6451612903225806,0.6956521739130435,0.72,0.5625,0.75,0.631578947368421,0.6956521739130435,0.5,0.6,0.6666666666666666,0.5,0.7142857142857143,0.5,0.6666666666666666,0.9333333333333333,0.75,0.6153846153846154,0.625,0.5625,0.6666666666666666,0.5714285714285714,0.6363636363636364,0.6,0.5714285714285714,0.75,0.625,0.8,1.0,0.9,0.8181818181818182,0.7,0.6666666666666666,0.875,0.625,0.7142857142857143,0.5454545454545454,0.8,0.75,0.7272727272727273,0.7142857142857143,0.7142857142857143,0.625,0.2857142857142857,0.5,0.849015317286652
0.31343283582089554,0.3333333333333333,0.4155844155844156,0.4246575342465753,0.39759036144578314,0.0,0.53125,0.4603174603174603,0.4528301886792453,0.6557377049180327,0.47058823529411764,0.5588235294117647,0.5789473684210527,0.6451612903225806,0.6857142857142857,0.575,0.675,0.6470588235294118,0.4166666666666667,0.75,0.75,0.5,0.6666666666666666,0.5416666666666666,0.75,0.75,0.68,0.8666666666666667,0.6818181818181818,0.5555555555555556,0.6470588235294118,0.6,0.5555555555555556,0.9,0.6666666666666666,0.7333333333333333,0.9090909090909091,0.7333333333333333,0.9166666666666666,0.6666666666666666,0.6363636363636364,0.6666666666666666,0.5,0.6,0.6363636363636364,0.5384615384615384,0.7,1.0,0.8333333333333334,0.6666666666666666,0.5,0.8571428571428571,0.5,0.8571428571428571,1.0,0.5,1.0,0.8,0.6923076923076923,0.75,0.625,1.0,0.7142857142857143,0.3333333333333333,0.8323529411764706
0.32857142857142857,0.3880597014925373,0.43902439024390244,0.5384615384615384,0.45161290322580644,0.46875,0.0,0.4032258064516129,0.4838709677419355,0.5,0.4583333333333333,0.5714285714285714,0.6176470588235294,0.6470588235294118,0.6060606060606061,0.5277777777777778,0.6222222222222222,0.5517241379310345,0.5454545454545454,0.6956521739130435,0.5238095238095238,0.6521739130434783,0.5833333333333334,0.46153846153846156,0.6363636363636364,0.7142857142857143,0.7333333333333333,0.6428571428571429,0.5454545454545454,0.5238095238095238,0.6428571428571429,0.6,0.46153846153846156,0.5714285714285714,0.7222222222222222,0.5,0.75,0.7368421052631579,0.5882352941176471,1.0,0.8235294117647058,0.8,0.6363636363636364,0.6666666666666666,0.75,0.7142857142857143,0.8666666666666667,0.8181818181818182,0.7272727272727273,0.6363636363636364,0.7142857142857143,0.5,0.2,0.7777777777777778,0.6153846153846154,0.4,0.5,1.0,0.875,0.5,0.25,0.8571428571428571,1.0,0.5,0.8179487179487179
0.35294117647058826,0.41818181818181815,0.39436619718309857,0.39622641509433965,0.5423728813559322,0.5396825396825397,0.5967741935483871,0.0,0.4888888888888889,0.574468085106383,0.6153846153846154,0.5294117647058824,0.6451612903225806,0.76,0.42857142857142855,0.6875,0.75,0.75,0.56,0.4,0.6666666666666666,0.6363636363636364,0.5333333333333333,0.6190476190476191,0.8125,0.5555555555555556,0.7142857142857143,0.6666666666666666,0.5454545454545454,0.5,0.6666666666666666,0.7857142857142857,0.75,0.5833333333333334,0.7,0.75,0.7692307692307693,0.5714285714285714,1.0,0.7,0.75,1.0,0.4,0.5,0.6,0.6,1.0,0.6,0.8,0.6666666666666666,0.5,0.9,0.0,0.375,0.6666666666666666,0.7142857142857143,0.5714285714285714,0.5,0.5,1.0,0.4,0.375,0.5,0.75,0.7970660146699267
0.3442622950819672,0.35294117647058826,0.358974358974359,0.35714285714285715,0.5,0.5471698113207547,0.5161290322580645,0.5111111111111111,0.0,0.5172413793103449,0.5,0.6551724137931034,0.46153846153846156,0.5555555555555556,0.7142857142857143,0.5,0.6363636363636364,0.56,0.6296296296296297,0.48,0.6875,0.5789473684210527,0.7647058823529411,0.6666666666666666,0.7222222222222222,0.6666666666666666,0.4827586206896552,0.7142857142857143,0.6666666666666666,0.75,0.5384615384615384,0.4666666666666667,0.7142857142857143,0.625,0.4,0.5454545454545454,0.6666666666666666,0.3333333333333333,0.5555555555555556,0.46153846153846156,0.5454545454545454,0.5714285714285714,0.6,0.625,0.625,0.4,0.8421052631578947,0.5714285714285714,0.8571428571428571,0.8,0.8461538461538461,0.25,0.8333333333333334,0.4117647058823529,1.0,0.7333333333333333,0.875,0.6,0.6,0.6666666666666666,0.4,0.8571428571428571,0.4,1.0,0.8253588516746412
0.3246753246753247,0.5510204081632653,0.34375,0.30158730158730157,0.3939393939393939,0.3442622950819672,0.5,0.425531914893617,0.4827586206896552,0.0,0.5161290322580645,0.8,0.6129032258064516,0.42424242424242425,0.64,0.75,0.5172413793103449,0.5714285714285714,0.6153846153846154,0.4,0.7692307692307693,0.7037037037037037,0.47619047619047616,0.5,0.5714285714285714,0.6521739130434783,0.375,0.35714285714285715,0.55,0.5714285714285714,0.6666666666666666,0.5,0.5714285714285714,0.6818181818181818,0.625,0.6363636363636364,0.8,0.5714285714285714,0.875,0.6363636363636364,0.7272727272727273,0.6,0.5,0.4,0.5714285714285714,0.625,0.5555555555555556,0.8571428571428571,0.6470588235294118,1.0,0.625,0.5,0.5,0.5,0.8,0.7777777777777778,0.5,0.8,0.5,0.7142857142857143,0.0,0.4444444444444444,1.0,0.625,0.8316326530612245
0.4117647058823529,0.40425531914893614,0.33962264150943394,0.4576271186440678,0.39655172413793105,0.5294117647058824,0.5416666666666666,0.38461538461538464,0.5,0.4838709677419355,0.0,0.40625,0.3333333333333333,0.4166666666666667,0.6153846153846154,0.38095238095238093,0.36,0.52,0.5238095238095238,0.375,0.625,0.52,0.5625,0.5,0.42857142857142855,0.4444444444444444,0.6363636363636364,0.7,0.2857142857142857,0.45454545454545453,0.3888888888888889,0.6428571428571429,0.9333333333333333,0.7142857142857143,0.6666666666666666,0.7777777777777778,0.5,0.47058823529411764,0.8333333333333334,0.5833333333333334,0.75,1.0,0.7142857142857143,0.6,0.875,0.8333333333333334,0.75,0.5714285714285714,0.5625,0.7142857142857143,0.75,0.6923076923076923,0.6,0.7333333333333333,0.6666666666666666,0.8571428571428571,0.5714285714285714,0.7142857142857143,0.7142857142857143,0.25,0.5,0.7142857142857143,0.8,0.6923076923076923,0.7878787878787878
0.30303030303030304,0.38,0.5,0.34782608695652173,0.36363636363636365,0.4411764705882353,0.42857142857142855,0.47058823529411764,0.3448275862068966,0.2,0.59375,0.0,0.5882352941176471,0.45454545454545453,0.3448275862068966,0.6923076923076923,0.5833333333333334,0.5384615384615384,0.5416666666666666,0.5185185185185185,0.6,0.4444444444444444,0.5652173913043478,0.6190476190476191,0.5454545454545454,0.6470588235294118,0.6153846153846154,0.4,0.5625,0.6428571428571429,0.7272727272727273,0.6666666666666666,0.6666666666666666,0.625,0.7857142857142857,0.5833333333333334,0.6,0.75,0.6,0.8125,0.5263157894736842,0.7,0.6666666666666666,0.75,0.6666666666666666,0.5555555555555556,0.6666666666666666,0.5,0.6666666666666666,0.875,0.4444444444444444,0.7777777777777778,0.5714285714285714,0.3333333333333333,0.6666666666666666,0.7692307692307693,1.0,0.4,0.8,0.5,0.6,1.0,0.625,0.5,0.7908902691511387
0.35,0.43283582089552236,0.42857142857142855,0.4,0.4523809523809524,0.42105263157894735,0.38235294117647056,0.3548387096774194,0.5384615384615384,0.3870967741935484,0.6666666666666666,0.4117647058823529,0.0,0.5263157894736842,0.5833333333333334,0.5909090909090909,0.3333333333333333,0.6521739130434783,0.42105263157894735,0.625,0.47619047619047616,0.5,0.6470588235294118,0.5555555555555556,0.47368421052631576,0.8235294117647058,0.47619047619047616,0.5,0.6470588235294118,0.5555555555555556,0.9230769230769231,0.5714285714285714,0.4444444444444444,0.6666666666666666,0.6470588235294118,0.75,0.6153846153846154,0.75,0.4,0.75,0.5714285714285714,0.6666666666666666,0.6666666666666666,0.6666666666666666,0.6923076923076923,0.8666666666666667,0.4,0.4666666666666667,0.3333333333333333,0.75,0.5,0.7,0.8333333333333334,0.625,0.6923076923076923,0.7777777777777778,0.8571428571428571,0.9166666666666666,0.625,0.8333333333333334,0.2857142857142857,0.8,0.7,1.0,0.7838427947598253
0.37142857142857144,0.36363636363636365,0.34615384615384615,0.28888888888888886,0.5882352941176471,0.3548387096774194,0.35294117647058826,0.24,0.4444444444444444,0.5757575757575758,0.5833333333333334,0.5454545454545454,0.47368421052631576,0.0,0.5909090909090909,0.6470588235294118,0.5,0.48148148148148145,0.38461538461538464,0.5294117647058824,0.5454545454545454,0.5,0.42857142857142855,0.7,0.5833333333333334,0.25,0.5,0.6363636363636364,0.6666666666666666,0.5172413793103449,0.6,0.5454545454545454,0.6,0.5714285714285714,0.46153846153846156,0.6666666666666666,0.6666666666666666,0.45454545454545453,0.875,0.75,0.5,0.5,1.0,0.5714285714285714,0.5714285714285714,0.75,0.6,1.0,1.0,0.8461538461538461,0.8,0.2857142857142857,0.75,0.875,0.8888888888888888,0.6666666666666666,0.8571428571428571,0.5555555555555556,0.5,0.7142857142857143,0.5,0.6666666666666666,0.6666666666666666,1.0,0.8226221079691517
0.24074074074074073,0.3,0.41818181818181815,0.39215686274509803,0.30952380952380953,0.3142857142857143,0.3939393939393939,0.5714285714285714,0.2857142857142857,0.36,0.38461538461538464,0.6551724137931034,0.4166666666666667,0.4090909090909091,0.0,0.56,0.375,0.35714285714285715,0.7058823529411765,0.391304347826087,0.5172413793103449,0.52,0.6153846153846154,0.625,0.5555555555555556,0.3333333333333333,0.7777777777777778,0.6923076923076923,0.6666666666666666,0.4,0.5,0.38461538461538464,0.30434782608695654,0.5833333333333334,0.625,0.5,0.6,0.8333333333333334,0.5,0.6,0.45454545454545453,0.6,0.8,0.4166666666666667,0.5,0.6666666666666666,0.6153846153846154,0.3333333333333333,0.7,1.0,0.75,0.6,0.6923076923076923,0.7857142857142857,0.5714285714285714,0.8,0.75,0.75,0.6666666666666666,0.8,0.8333333333333334,0.2,1.0,1.0,0.7661691542288557
0.32075471698113206,0.4634146341463415,0.36,0.36666666666666664,0.3333333333333333,0.425,0.4722222222222222,0.3125,0.5,0.25,0.6190476190476191,0.3076923076923077,0.4090909090909091,0.35294117647058826,0.44,0.0,0.25,0.55,0.5555555555555556,0.5925925925925926,0.6363636363636364,0.5882352941176471,0.42857142857142855,0.5384615384615384,0.6666666666666666,0.6,0.6875,0.5384615384615384,0.5625,0.5,0.6363636363636364,0.6666666666666666,0.75,0.5217391304347826,0.4166666666666667,0.5555555555555556,0.6875,0.9166666666666666,0.7,0.875,0.875,0.5294117647058824,0.5555555555555556,0.6111111111111112,0.8,0.8333333333333334,0.6923076923076923,0.6,0.6,1.0,0.8,0.4,0.6666666666666666,0.6,0.6666666666666666,0.6,0.45454545454545453,0.6,0.75,0.5,0.8333333333333334,0.3333333333333333,1.0,0.6,0.8
0.3157894736842105,0.2222222222222222,0.32608695652173914,0.3548387096774194,0.3333333333333333,0.325,0.37777777777777777,0.25,0.36363636363636365,0.4827586206896552,0.64,0.4166666666666667,0.6666666666666666,0.5,0.625,0.75,0.0,0.3333333333333333,0.3333333333333333,0.3870967741935484,0.5,0.5263157894736842,0.23529411764705882,0.5454545454545454,0.2857142857142857,0.47058823529411764,0.23076923076923078,1.0,0.6,0.6666666666666666,0.4666666666666667,0.5454545454545454,0.8333333333333334,0.45454545454545453,0.6666666666666666,0.6,0.8333333333333334,0.5833333333333334,0.4,0.6666666666666666,0.42857142857142855,0.7,0.3333333333333333,1.0,0.25,0.2727272727272727,0.25,0.6666666666666666,0.75,0.5909090909090909,0.7333333333333333,0.8,0.625,0.42857142857142855,0.6666666666666666,0.5,0.5555555555555556,1.0,0.9,0.0,1.0,0.7142857142857143,0.8,0.7777777777777778,0.7506234413965087
0.27906976744186046,0.3333333333333333,0.39473684210526316,0.3939393939393939,0.41379310344827586,0.35294117647058826,0.4482758620689655,0.25,0.44,0.42857142857142855,0.48,0.46153846153846156,0.34782608695652173,0.5185185185185185,0.6428571428571429,0.45,0.6666666666666666,0.0,0.5909090909090909,0.45454545454545453,0.2777777777777778,0.6666666666666666,0.47368421052631576,0.5,0.8,0.6875,0.6666666666666666,0.5555555555555556,0.4166666666666667,0.5,0.5454545454545454,0.6666666666666666,0.6,0.5555555555555556,0.7142857142857143,0.3,0.6,0.7777777777777778,0.5,0.7777777777777778,0.5,0.8,0.75,0.45454545454545453,0.5,0.625,1.0,0.42857142857142855,0.5,0.75,0.8,0.6666666666666666,0.42857142857142855,0.6923076923076923,0.6,0.6666666666666666,0.25,1.0,0.6,0.2,0.8,1.0,0.6666666666666666,0.3333333333333333,0.7769423558897243
0.3,0.25925925925925924,0.3,0.3225806451612903,0.5,0.5833333333333334,0.45454545454545453,0.44,0.37037037037037035,0.38461538461538464,0.47619047619047616,0.4583333333333333,0.5789473684210527,0.6153846153846154,0.29411764705882354,0.4444444444444444,0.6666666666666666,0.4090909090909091,0.0,0.4,0.5333333333333333,0.6153846153846154,0.5625,0.7,0.5555555555555556,0.5,0.6363636363636364,0.5,0.7272727272727273,0.625,0.4166666666666667,0.4,0.4444444444444444,0.5454545454545454,0.5714285714285714,0.5333333333333333,0.6666666666666666,0.5333333333333333,0.3333333333333333,0.42857142857142855,0.625,1.0,0.6666666666666666,0.6,0.5833333333333334,0.6666666666666666,0.6129032258064516,0.6,0.6363636363636364,0.5,0.8,0.7142857142857143,0.625,1.0,0.75,0.5714285714285714,0.4,0.5714285714285714,1.0,1.0,0.7142857142857143,0.6666666666666666,0.42857142857142855,0.5,0.8045112781954887
0.21875,0.358974358974359,0.20689655172413793,0.3611111111111111,0.35714285714285715,0.25,0.30434782608695654,0.6,0.52,0.6,0.625,0.48148148148148145,0.375,0.47058823529411764,0.6086956521739131,0.4074074074074074,0.6129032258064516,0.5454545454545454,0.6,0.0,0.5909090909090909,0.5454545454545454,0.25,0.4444444444444444,0.375,0.42857142857142855,0.45454545454545453,0.5,0.5454545454545454,0.5384615384615384,0.4444444444444444,0.625,0.5,0.6,0.5,0.2857142857142857,0.4,0.3333333333333333,0.6153846153846154,0.6153846153846154,1.0,0.8888888888888888,0.2857142857142857,0.6666666666666666,0.5,0.5833333333333334,1.0,0.6666666666666666,0.625,0.3,0.8333333333333334,0.75,0.16666666666666666,0.4,0.5,0.8,0.6666666666666666,0.8888888888888888,0.6666666666666666,0.5,1.0,0.6,0.8,1.0,0.8010204081632653
0.14285714285714285,0.3225806451612903,0.3684210526315789,0.425,0.3548387096774194,0.25,0.47619047619047616,0.3333333333333333,0.3125,0.23076923076923078,0.375,0.4,0.5238095238095238,0.45454545454545453,0.4827586206896552,0.36363636363636365,0.5,0.7222222222222222,0.4666666666666667,0.4090909090909091,0.0,0.4375,0.5,0.6153846153846154,0.35714285714285715,0.5,0.5,0.6666666666666666,0.5,0.6,0.6153846153846154,0.6,0.75,0.5,0.7333333333333333,0.6666666666666666,0.4,0.6,0.2857142857142857,0.6,0.4444444444444444,0.6,0.5,0.45454545454545453,0.6,0.6,0.3333333333333333,0.5,1.0,0.8571428571428571,0.5,0.6,0.8571428571428571,1.0,0.5555555555555556,0.5454545454545454,0.0,1.0,1.0,0.8571428571428571,1.0,0.5,0.5,1.0,0.775175644028103
0.34615384615384615,0.2692307692307692,0.30434782608695654,0.28205128205128205,0.30434782608695654,0.5,0.34782608695652173,0.36363636363636365,0.42105263157894735,0.2962962962962963,0.48,0.5555555555555556,0.5,0.5,0.48,0.4117647058823529,0.47368421052631576,0.3333333333333333,0.38461538461538464,0.45454545454545453,0.5625,0.0,0.3333333333333333,0.2857142857142857,0.7,0.6666666666666666,0.36363636363636365,0.5,0.5882352941176471,0.5454545454545454,0.2222222222222222,0.4,0.5555555555555556,0.4444444444444444,0.6,0.5625,0.2,0.45,0.6666666666666666,0.5,0.9,0.375,0.5555555555555556,0.6,0.5,0.5833333333333334,0.6,0.8571428571428571,0.875,0.75,0.5,0.6666666666666666,0.6666666666666666,0.8571428571428571,0.5384615384615384,0.4,1.0,0.8571428571428571,0.5,1.0,0.6666666666666666,0.7272727272727273,0.625,0.8,0.7723785166240409
0.2777777777777778,0.28,0.125,0.3333333333333333,0.28,0.3333333333333333,0.4166666666666667,0.4666666666666667,0.23529411764705882,0.5238095238095238,0.4375,0.43478260869565216,0.35294117647058826,0.5714285714285714,0.38461538461538464,0.5714285714285714,0.7647058823529411,0.5263157894736842,0.4375,0.75,0.5,0.6666666666666666,0.0,0.6363636363636364,0.29411764705882354,0.38461538461538464,0.7272727272727273,0.7,0.8181818181818182,0.2,0.3,0.375,0.4,0.6470588235294118,0.6923076923076923,0.5833333333333334,0.4,0.8333333333333334,0.4117647058823529,0.5,0.6666666666666666,0.6,0.6666666666666666,1.0,0.6666666666666666,0.3333333333333333,0.4,0.5,0.5,0.75,0.5,0.6666666666666666,0.75,0.0,0.8571428571428571,0.7777777777777778,0.6,0.3333333333333333,0.75,0.6363636363636364,1.0,0.5,0.3333333333333333,1.0,0.7593052109181141
0.4090909090909091,0.22727272727272727,0.2,0.13636363636363635,0.4375,0.4583333333333333,0.5384615384615384,0.38095238095238093,0.3333333333333333,0.5,0.5,0.38095238095238093,0.4444444444444444,0.3,0.375,0.46153846153846156,0.45454545454545453,0.5,0.3,0.5555555555555556,0.38461538461538464,0.7142857142857143,0.36363636363636365,0.0,0.6923076923076923,0.6428571428571429,0.5555555555555556,0.5,0.5714285714285714,0.375,0.4,0.4444444444444444,0.4444444444444444,0.375,0.6666666666666666,0.625,0.6666666666666666,0.5,0.6,0.625,0.5714285714285714,0.7142857142857143,0.6666666666666666,0.8333333333333334,0.6666666666666666,0.4166666666666667,0.4,0.75,0.8571428571428571,1.0,0.6,0.8,1.0,1.0,0.6666666666666666,0.125,0.8333333333333334,0.5555555555555556,0.8333333333333334,0.625,0.5,0.42857142857142855,0.25,0.0,0.7256410256410256
0.21428571428571427,0.35135135135135137,0.4444444444444444,0.42857142857142855,0.25,0.25,0.36363636363636365,0.1875,0.2777777777777778,0.42857142857142855,0.5714285714285714,0.45454545454545453,0.5263157894736842,0.4166666666666667,0.4444444444444444,0.3333333333333333,0.7142857142857143,0.2,0.4444444444444444,0.625,0.6428571428571429,0.3,0.7058823529411765,0.3076923076923077,0.0,0.2857142857142857,0.5833333333333334,0.5,0.375,0.2857142857142857,0.2222222222222222,0.16666666666666666,0.7777777777777778,0.625,0.4666666666666667,0.4444444444444444,0.8571428571428571,0.6,0.45454545454545453,0.4444444444444444,0.0,0.42857142857142855,0.375,0.4,0.5,0.5,0.6,0.75,0.6666666666666666,0.6666666666666666,0.3333333333333333,0.6666666666666666,0.7142857142857143,1.0,0.4166666666666667,0.6666666666666666,0.8,0.5,1.0,0.6,1.0,0.3333333333333333,0.8333333333333334,1.0,0.7670886075949367
0.3333333333333333,0.3157894736842105,0.42857142857142855,0.23809523809523808,0.3684210526315789,0.25,0.2857142857142857,0.4444444444444444,0.3333333333333333,0.34782608695652173,0.5555555555555556,0.35294117647058826,0.17647058823529413,0.75,0.6666666666666666,0.4,0.5294117647058824,0.3125,0.5,0.5714285714285714,0.5,0.3333333333333333,0.6153846153846154,0.35714285714285715,0.7142857142857143,0.0,0.3333333333333333,0.8333333333333334,0.3333333333333333,0.7272727272727273,0.3333333333333333,0.3333333333333333,0.75,0.6,0.42857142857142855,0.3333333333333333,0.5714285714285714,0.5833333333333334,0.8333333333333334,0.4,0.5454545454545454,0.6666666666666666,0.4,0.5,0.5454545454545454,0.42857142857142855,0.5833333333333334,0.5,0.5,0.6666666666666666,0.3333333333333333,0.9090909090909091,0.8181818181818182,0.5,0.0,0.5714285714285714,0.625,1.0,0.8571428571428571,1.0,0.625,0.5,0.5,0.5,0.7324675324675325
0.2,0.25925925925925924,0.2,0.47368421052631576,0.30434782608695654,0.32,0.26666666666666666,0.2857142857142857,0.5172413793103449,0.625,0.36363636363636365,0.38461538461538464,0.5238095238095238,0.5,0.2222222222222222,0.3125,0.7692307692307693,0.3333333333333333,0.36363636363636365,0.5454545454545454,0.5,0.6363636363636364,0.2727272727272727,0.4444444444444444,0.4166666666666667,0.6666666666666666,0.0,0.3076923076923077,0.4,0.42857142857142855,0.5555555555555556,0.375,0.6666666666666666,0.5555555555555556,0.7142857142857143,0.7,0.6666666666666666,0.5714285714285714,0.5,0.5,0.42857142857142855,0.8571428571428571,0.6,0.6,0.6111111111111112,0.6363636363636364,0.6,0.16666666666666666,1.0,0.5555555555555556,0.4,0.75,0.5,0.42857142857142855,0.2,1.0,0.6666666666666666,0.3333333333333333,0.625,0.75,1.0,0.75,1.0,0.3333333333333333,0.745049504950495
0.25,0.10526315789473684,0.1111111111111111,0.09090909090909091,0.5,0.13333333333333333,0.35714285714285715,0.3333333333333333,0.2857142857142857,0.6428571428571429,0.3,0.6,0.5,0.36363636363636365,0.3076923076923077,0.46153846153846156,0.0,0.4444444444444444,0.5,0.5,0.3333333333333333,0.5,0.3,0.5,0.5,0.16666666666666666,0.6923076923076923,0.0,0.2857142857142857,0.6,0.4,0.2,0.5,0.0,0.6666666666666666,0.6,0.6666666666666666,0.45454545454545453,0.8571428571428571,0.5,0.8,0.7142857142857143,0.6666666666666666,0.4,0.5714285714285714,0.8,0.5,0.5,0.5714285714285714,1.0,0.2,0.4,0.375,0.6666666666666666,0.75,0.8571428571428571,0.8333333333333334,0.5,1.0,0.5714285714285714,1.0,0.0,0.6666666666666666,0.6666666666666666,0.7752161383285303
0.16666666666666666,0.4666666666666667,0.4,0.15,0.4,0.3181818181818182,0.45454545454545453,0.45454545454545453,0.3333333333333333,0.45,0.7142857142857143,0.4375,0.35294117647058826,0.3333333333333333,0.3333333333333333,0.4375,0.4,0.5833333333333334,0.2727272727272727,0.45454545454545453,0.5,0.4117647058823529,0.18181818181818182,0.42857142857142855,0.625,0.6666666666666666,0.6,0.7142857142857143,0.0,0.38461538461538464,0.6,0.5454545454545454,0.45454545454545453,0.3333333333333333,0.14285714285714285,0.5555555555555556,0.8,0.7777777777777778,0.75,1.0,0.5,0.8571428571428571,1.0,0.7272727272727273,0.4,1.0,0.42857142857142855,0.38461538461538464,0.5,0.5,0.6666666666666666,0.5555555555555556,0.75,0.4,0.1,0.42857142857142855,0.8461538461538461,0.4444444444444444,0.8333333333333334,0.625,0.5,0.5714285714285714,0.75,0.6666666666666666,0.7288629737609329
0.18181818181818182,0.1111111111111111,0.18181818181818182,0.35714285714285715,0.3333333333333333,0.4444444444444444,0.47619047619047616,0.5,0.25,0.42857142857142855,0.5454545454545454,0.35714285714285715,0.4444444444444444,0.4827586206896552,0.6,0.5,0.3333333333333333,0.5,0.375,0.46153846153846156,0.4,0.45454545454545453,0.8,0.625,0.7142857142857143,0.2727272727272727,0.5714285714285714,0.4,0.6153846153846154,0.0,0.5714285714285714,0.5714285714285714,0.5714285714285714,0.5,0.7142857142857143,0.5454545454545454,0.4,0.6666666666666666,0.5,0.5555555555555556,0.0,1.0,0.5,0.08333333333333333,0.42857142857142855,0.8571428571428571,0.25,0.5714285714285714,0.6666666666666666,0.5,0.6666666666666666,0.75,0.3333333333333333,0.75,0.6666666666666666,1.0,0.6666666666666666,0.3333333333333333,0.45454545454545453,0.5,0.5,1.0,0.8,0.8333333333333334,0.7428571428571429
0.13043478260869565,0.27586206896551724,0.26666666666666666,0.2727272727272727,0.5,0.35294117647058826,0.35714285714285715,0.3333333333333333,0.46153846153846156,0.3333333333333333,0.6111111111111112,0.2727272727272727,0.07692307692307693,0.4,0.5,0.36363636363636365,0.5333333333333333,0.45454545454545453,0.5833333333333334,0.5555555555555556,0.38461538461538464,0.7777777777777778,0.7,0.6,0.7777777777777778,0.6666666666666666,0.4444444444444444,0.6,0.4,0.42857142857142855,0.0,0.5833333333333334,0.6,0.7142857142857143,0.6,0.5,0.8333333333333334,0.7272727272727273,1.0,0.6666666666666666,0.5714285714285714,0.5,0.5,0.4,0.5,0.375,0.6666666666666666,0.5555555555555556,0.8333333333333334,0.6666666666666666,1.0,0.5,0.6,0.875,0.5,0.4,0.5714285714285714,0.375,0.5714285714285714,0.4444444444444444,0.0,0.5,0.5555555555555556,0.5,0.7002881844380403
0.19230769230769232,0.5,0.36,0.25,0.2857142857142857,0.4,0.4,0.21428571428571427,0.5333333333333333,0.5,0.35714285714285715,0.3333333333333333,0.42857142857142855,0.45454545454545453,0.6153846153846154,0.3333333333333333,0.45454545454545453,0.3333333333333333,0.6,0.375,0.4,0.6,0.625,0.5555555555555556,0.8333333333333334,0.6666666666666666,0.625,0.8,0.45454545454545453,0.42857142857142855,0.4166666666666667,0.0,0.6666666666666666,0.5,0.6666666666666666,1.0,0.6,0.5333333333333333,0.6666666666666666,0.3333333333333333,0.5,0.45454545454545453,0.8,0.3333333333333333,0.6666666666666666,0.5833333333333334,0.5,0.3333333333333333,0.8333333333333334,0.8571428571428571,0.8,0.6,0.75,0.5,0.7142857142857143,0.5,0.0,0.5,0.0,1.0,0.3333333333333333,0.75,0.5,0.75,0.7197802197802198
0.3333333333333333,0.2631578947368421,0.3125,0.3076923076923077,0.5,0.4444444444444444,0.5384615384615384,0.25,0.2857142857142857,0.42857142857142855,0.06666666666666667,0.3333333333333333,0.5555555555555556,0.4,0.6956521739130435,0.25,0.16666666666666666,0.4,0.5555555555555556,0.5,0.25,0.4444444444444444,0.6,0.5555555555555556,0.2222222222222222,0.25,0.3333333333333333,0.5,0.5454545454545454,0.42857142857142855,0.4,0.3333333333333333,0.0,0.0,0.0,0.0,0.0,0.0,0.0,0.0,0.0,0.0,0.0,0.0,0.0,0.0,0.0,0.0,0.0,0.0,0.0,0.0,0.0,0.0,0.0,0.0,0.0,0.0,0.0,0.0,0.0,0.0,0.0,0.0,0.0
0.09090909090909091,0.3333333333333333,0.4444444444444444,0.4,0.3333333333333333,0.1,0.42857142857142855,0.4166666666666667,0.375,0.3181818181818182,0.2857142857142857,0.375,0.3333333333333333,0.42857142857142855,0.4166666666666667,0.4782608695652174,0.5454545454545454,0.4444444444444444,0.45454545454545453,0.4,0.5,0.5555555555555556,0.35294117647058826,0.625,0.375,0.4,0.4444444444444444,1.0,0.6666666666666666,0.5,0.2857142857142857,0.5,0.0,0.0,0.0,0.0,0.0,0.0,0.0,0.0,0.0,0.0,0.0,0.0,0.0,0.0,0.0,0.0,0.0,0.0,0.0,0.0,0.0,0.0,0.0,0.0,0.0,0.0,0.0,0.0,0.0,0.0,0.0,0.0,0.0
0.26666666666666666,0.23076923076923078,0.18181818181818182,0.3684210526315789,0.06666666666666667,0.3333333333333333,0.2777777777777778,0.3,0.6,0.375,0.3333333333333333,0.21428571428571427,0.35294117647058826,0.5384615384615384,0.375,0.5833333333333334,0.3333333333333333,0.2857142857142857,0.42857142857142855,0.5,0.26666666666666666,0.4,0.3076923076923077,0.3333333333333333,0.5333333333333333,0.5714285714285714,0.2857142857142857,0.3333333333333333,0.8571428571428571,0.2857142857142857,0.4,0.3333333333333333,0.0,0.0,0.0,0.0,0.0,0.0,0.0,0.0,0.0,0.0,0.0,0.0,0.0,0.0,0.0,0.0,0.0,0.0,0.0,0.0,0.0,0.0,0.0,0.0,0.0,0.0,0.0,0.0,0.0,0.0,0.0,0.0,0.0
0.15,0.2222222222222222,0.14285714285714285,0.2857142857142857,0.25,0.26666666666666666,0.5,0.25,0.45454545454545453,0.36363636363636365,0.2222222222222222,0.4166666666666667,0.25,0.3333333333333333,0.5,0.4444444444444444,0.4,0.7,0.4666666666666667,0.7142857142857143,0.3333333333333333,0.4375,0.4166666666666667,0.375,0.5555555555555556,0.6666666666666666,0.3,0.4,0.4444444444444444,0.45454545454545453,0.5,0.0,0.0,0.0,0.0,0.0,0.0,0.0,0.0,0.0,0.0,0.0,0.0,0.0,0.0,0.0,0.0,0.0,0.0,0.0,0.0,0.0,0.0,0.0,0.0,0.0,0.0,0.0,0.0,0.0,0.0,0.0,0.0,0.0,0.0
0.375,0.23076923076923078,0.2857142857142857,0.07142857142857142,0.38461538461538464,0.09090909090909091,0.25,0.23076923076923078,0.3333333333333333,0.2,0.5,0.4,0.38461538461538464,0.3333333333333333,0.4,0.3125,0.16666666666666666,0.4,0.3333333333333333,0.6,0.6,0.8,0.6,0.3333333333333333,0.14285714285714285,0.42857142857142855,0.3333333333333333,0.3333333333333333,0.2,0.6,0.16666666666666666,0.4,0.0,0.0,0.0,0.0,0.0,0.0,0.0,0.0,0.0,0.0,0.0,0.0,0.0,0.0,0.0,0.0,0.0,0.0,0.0,0.0,0.0,0.0,0.0,0.0,0.0,0.0,0.0,0.0,0.0,0.0,0.0,0.0,0.0
0.15,0.4117647058823529,0.42857142857142855,0.2608695652173913,0.375,0.26666666666666666,0.2631578947368421,0.42857142857142855,0.6666666666666666,0.42857142857142855,0.5294117647058824,0.25,0.25,0.5454545454545454,0.16666666666666666,0.08333333333333333,0.4166666666666667,0.2222222222222222,0.4666666666666667,0.6666666666666666,0.4,0.55,0.16666666666666666,0.5,0.4,0.4166666666666667,0.42857142857142855,0.5454545454545454,0.2222222222222222,0.3333333333333333,0.2727272727272727,0.4666666666666667,0.0,0.0,0.0,0.0,0.0,0.0,0.0,0.0,0.0,0.0,0.0,0.0,0.0,0.0,0.0,0.0,0.0,0.0,0.0,0.0,0.0,0.0,0.0,0.0,0.0,0.0,0.0,0.0,0.0,0.0,0.0,0.0,0.0
0.28,0.19047619047619047,0.0,0.3333333333333333,0.4375,0.08333333333333333,0.4117647058823529,0.0,0.4444444444444444,0.125,0.16666666666666666,0.4,0.6,0.125,0.5,0.3,0.6,0.5,0.6666666666666666,0.38461538461538464,0.7142857142857143,0.3333333333333333,0.5882352941176471,0.4,0.5454545454545454,0.16666666666666666,0.5,0.14285714285714285,0.25,0.5,0.0,0.3333333333333333,0.0,0.0,0.0,0.0,0.0,0.0,0.0,0.0,0.0,0.0,0.0,0.0,0.0,0.0,0.0,0.0,0.0,0.0,0.0,0.0,0.0,0.0,0.0,0.0,0.0,0.0,0.0,0.0,0.0,0.0,0.0,0.0,0.0
0.0,0.14285714285714285,0.375,0.375,0.3333333333333333,0.3333333333333333,0.0,0.3,0.5384615384615384,0.36363636363636365,0.4166666666666667,0.1875,0.25,0.25,0.4,0.125,0.3333333333333333,0.2222222222222222,0.5714285714285714,0.38461538461538464,0.4,0.5,0.5,0.375,0.5555555555555556,0.6,0.5,0.5,0.0,0.4444444444444444,0.3333333333333333,0.6666666666666666,0.0,0.0,0.0,0.0,0.0,0.0,0.0,0.0,0.0,0.0,0.0,0.0,0.0,0.0,0.0,0.0,0.0,0.0,0.0,0.0,0.0,0.0,0.0,0.0,0.0,0.0,0.0,0.0,0.0,0.0,0.0,0.0,0.0
0.1,0.3333333333333333,0.5,0.2222222222222222,0.42857142857142855,0.36363636363636365,0.17647058823529413,0.25,0.45454545454545453,0.2727272727272727,0.25,0.47368421052631576,0.42857142857142855,0.5,0.5454545454545454,0.125,0.5714285714285714,0.5,0.375,0.0,0.5555555555555556,0.1,0.3333333333333333,0.42857142857142855,1.0,0.45454545454545453,0.5714285714285714,0.2,0.5,1.0,0.42857142857142855,0.5,0.0,0.0,0.0,0.0,0.0,0.0,0.0,0.0,0.0,0.0,0.0,0.0,0.0,0.0,0.0,0.0,0.0,0.0,0.0,0.0,0.0,0.0,0.0,0.0,0.0,0.0,0.0,0.0,0.0,0.0,0.0,0.0,0.0
0.25,0.2631578947368421,0.2777777777777778,0.26666666666666666,0.36363636363636365,0.3333333333333333,0.2,0.0,0.42857142857142855,0.4,0.0,0.3,0.3333333333333333,0.5,0.4,0.47058823529411764,0.3,0.2,0.0,0.1111111111111111,0.4,0.625,0.4,0.2857142857142857,0.5714285714285714,0.3333333333333333,0.14285714285714285,0.2857142857142857,0.14285714285714285,0.0,0.5,0.5454545454545454,0.0,0.0,0.0,0.0,0.0,0.0,0.0,0.0,0.0,0.0,0.0,0.0,0.0,0.0,0.0,0.0,0.0,0.0,0.0,0.0,0.0,0.0,0.0,0.0,0.0,0.0,0.0,0.0,0.0,0.0,0.0,0.0,0.0
0.23076923076923078,0.2,0.3333333333333333,0.1111111111111111,0.4,0.5,0.36363636363636365,0.6,0.4,0.5,0.2857142857142857,0.3333333333333333,0.3333333333333333,0.0,0.2,0.4444444444444444,0.6666666666666666,0.25,0.3333333333333333,0.7142857142857143,0.5,0.4444444444444444,0.3333333333333333,0.3333333333333333,0.625,0.6,0.4,0.3333333333333333,0.0,0.5,0.5,0.2,0.0,0.0,0.0,0.0,0.0,0.0,0.0,0.0,0.0,0.0,0.0,0.0,0.0,0.0,0.0,0.0,0.0,0.0,0.0,0.0,0.0,0.0,0.0,0.0,0.0,0.0,0.0,0.0,0.0,0.0,0.0,0.0,0.0
0.1,0.12,0.375,0.4444444444444444,0.42857142857142855,0.4,0.3333333333333333,0.5,0.375,0.6,0.4,0.25,0.3333333333333333,0.42857142857142855,0.5833333333333334,0.3888888888888889,0.0,0.5454545454545454,0.4,0.3333333333333333,0.5454545454545454,0.4,0.0,0.16666666666666666,0.6,0.5,0.4,0.6,0.2727272727272727,0.9166666666666666,0.6,0.6666666666666666,0.0,0.0,0.0,0.0,0.0,0.0,0.0,0.0,0.0,0.0,0.0,0.0,0.0,0.0,0.0,0.0,0.0,0.0,0.0,0.0,0.0,0.0,0.0,0.0,0.0,0.0,0.0,0.0,0.0,0.0,0.0,0.0,0.0
0.15384615384615385,0.15384615384615385,0.4,0.2727272727272727,0.25,0.36363636363636365,0.25,0.4,0.375,0.42857142857142855,0.125,0.3333333333333333,0.3076923076923077,0.42857142857142855,0.5,0.2,0.75,0.5,0.4166666666666667,0.5,0.4,0.5,0.3333333333333333,0.3333333333333333,0.5,0.45454545454545453,0.3888888888888889,0.42857142857142855,0.6,0.5714285714285714,0.5,0.3333333333333333,0.0,0.0,0.0,0.0,0.0,0.0,0.0,0.0,0.0,0.0,0.0,0.0,0.0,0.0,0.0,0.0,0.0,0.0,0.0,0.0,0.0,0.0,0.0,0.0,0.0,0.0,0.0,0.0,0.0,0.0,0.0,0.0,0.0
0.4,0.14285714285714285,0.3333333333333333,0.5,0.375,0.46153846153846156,0.2857142857142857,0.4,0.6,0.375,0.16666666666666666,0.4444444444444444,0.13333333333333333,0.25,0.3333333333333333,0.16666666666666666,0.7272727272727273,0.375,0.3333333333333333,0.4166666666666667,0.4,0.4166666666666667,0.6666666666666666,0.5833333333333334,0.5,0.5714285714285714,0.36363636363636365,0.2,0.0,0.14285714285714285,0.625,0.4166666666666667,0.0,0.0,0.0,0.0,0.0,0.0,0.0,0.0,0.0,0.0,0.0,0.0,0.0,0.0,0.0,0.0,0.0,0.0,0.0,0.0,0.0,0.0,0.0,0.0,0.0,0.0,0.0,0.0,0.0,0.0,0.0,0.0,0.0
0.09090909090909091,0.16666666666666666,0.5,0.2,0.2,0.3,0.13333333333333333,0.0,0.15789473684210525,0.4444444444444444,0.25,0.3333333333333333,0.6,0.4,0.38461538461538464,0.3076923076923077,0.75,0.0,0.3870967741935484,0.0,0.6666666666666666,0.4,0.6,0.6,0.4,0.4166666666666667,0.4,0.5,0.5714285714285714,0.75,0.3333333333333333,0.5,0.0,0.0,0.0,0.0,0.0,0.0,0.0,0.0,0.0,0.0,0.0,0.0,0.0,0.0,0.0,0.0,0.0,0.0,0.0,0.0,0.0,0.0,0.0,0.0,0.0,0.0,0.0,0.0,0.0,0.0,0.0,0.0,0.0
0.4,0.25,0.2,0.16666666666666666,0.0,0.0,0.18181818181818182,0.4,0.42857142857142855,0.14285714285714285,0.42857142857142855,0.5,0.5333333333333333,0.0,0.6666666666666666,0.4,0.3333333333333333,0.5714285714285714,0.4,0.3333333333333333,0.5,0.14285714285714285,0.5,0.25,0.25,0.5,0.8333333333333334,0.5,0.6153846153846154,0.42857142857142855,0.4444444444444444,0.6666666666666666,0.0,0.0,0.0,0.0,0.0,0.0,0.0,0.0,0.0,0.0,0.0,0.0,0.0,0.0,0.0,0.0,0.0,0.0,0.0,0.0,0.0,0.0,0.0,0.0,0.0,0.0,0.0,0.0,0.0,0.0,0.0,0.0,0.0
0.1111111111111111,0.06666666666666667,0.25,0.4,0.1,0.16666666666666666,0.2727272727272727,0.2,0.14285714285714285,0.35294117647058826,0.4375,0.3333333333333333,0.6666666666666666,0.0,0.3,0.4,0.25,0.5,0.36363636363636365,0.375,0.0,0.125,0.5,0.14285714285714285,0.3333333333333333,0.5,0.0,0.42857142857142855,0.5,0.3333333333333333,0.16666666666666666,0.16666666666666666,0.0,0.0,0.0,0.0,0.0,0.0,0.0,0.0,0.0,0.0,0.0,0.0,0.0,0.0,0.0,0.0,0.0,0.0,0.0,0.0,0.0,0.0,0.0,0.0,0.0,0.0,0.0,0.0,0.0,0.0,0.0,0.0,0.0
0.09090909090909091,0.2,0.3,0.125,0.18181818181818182,0.3333333333333333,0.36363636363636365,0.3333333333333333,0.2,0.0,0.2857142857142857,0.125,0.25,0.15384615384615385,0.0,0.0,0.4090909090909091,0.25,0.5,0.7,0.14285714285714285,0.25,0.25,0.0,0.3333333333333333,0.3333333333333333,0.4444444444444444,0.0,0.5,0.5,0.3333333333333333,0.14285714285714285,0.0,0.0,0.0,0.0,0.0,0.0,0.0,0.0,0.0,0.0,0.0,0.0,0.0,0.0,0.0,0.0,0.0,0.0,0.0,0.0,0.0,0.0,0.0,0.0,0.0,0.0,0.0,0.0,0.0,0.0,0.0,0.0,0.0
0.0,0.07692307692307693,0.09090909090909091,0.5,0.3,0.5,0.2857142857142857,0.5,0.15384615384615385,0.375,0.25,0.5555555555555556,0.5,0.2,0.25,0.2,0.26666666666666666,0.2,0.2,0.16666666666666666,0.5,0.5,0.5,0.4,0.6666666666666666,0.6666666666666666,0.6,0.8,0.3333333333333333,0.3333333333333333,0.0,0.2,0.0,0.0,0.0,0.0,0.0,0.0,0.0,0.0,0.0,0.0,0.0,0.0,0.0,0.0,0.0,0.0,0.0,0.0,0.0,0.0,0.0,0.0,0.0,0.0,0.0,0.0,0.0,0.0,0.0,0.0,0.0,0.0,0.0
0.06666666666666667,0.23529411764705882,0.07142857142857142,0.13333333333333333,0.3333333333333333,0.14285714285714285,0.5,0.1,0.75,0.5,0.3076923076923077,0.2222222222222222,0.3,0.7142857142857143,0.4,0.6,0.2,0.3333333333333333,0.2857142857142857,0.25,0.4,0.3333333333333333,0.3333333333333333,0.2,0.3333333333333333,0.09090909090909091,0.25,0.6,0.4444444444444444,0.25,0.5,0.4,0.0,0.0,0.0,0.0,0.0,0.0,0.0,0.0,0.0,0.0,0.0,0.0,0.0,0.0,0.0,0.0,0.0,0.0,0.0,0.0,0.0,0.0,0.0,0.0,0.0,0.0,0.0,0.0,0.0,0.0,0.0,0.0,0.0
0.0,0.14285714285714285,0.375,0.2857142857142857,0.125,0.5,0.8,1.0,0.16666666666666666,0.5,0.4,0.42857142857142855,0.16666666666666666,0.25,0.3076923076923077,0.3333333333333333,0.375,0.5714285714285714,0.375,0.8333333333333334,0.14285714285714285,0.3333333333333333,0.25,0.0,0.2857142857142857,0.18181818181818182,0.5,0.625,0.25,0.6666666666666666,0.4,0.25,0.0,0.0,0.0,0.0,0.0,0.0,0.0,0.0,0.0,0.0,0.0,0.0,0.0,0.0,0.0,0.0,0.0,0.0,0.0,0.0,0.0,0.0,0.0,0.0,0.0,0.0,0.0,0.0,0.0,0.0,0.0,0.0,0.0
0.16666666666666666,0.18181818181818182,0.25,0.0,0.375,0.14285714285714285,0.2222222222222222,0.625,0.5882352941176471,0.5,0.26666666666666666,0.6666666666666666,0.375,0.125,0.21428571428571427,0.4,0.5714285714285714,0.3076923076923077,0.0,0.6,0.0,0.14285714285714285,1.0,0.0,0.0,0.5,0.5714285714285714,0.3333333333333333,0.6,0.25,0.125,0.5,0.0,0.0,0.0,0.0,0.0,0.0,0.0,0.0,0.0,0.0,0.0,0.0,0.0,0.0,0.0,0.0,0.0,0.0,0.0,0.0,0.0,0.0,0.0,0.0,0.0,0.0,0.0,0.0,0.0,0.0,0.0,0.0,0.0
0.3,0.5,0.2,0.0,0.2857142857142857,0.0,0.38461538461538464,0.3333333333333333,0.0,0.2,0.3333333333333333,0.3333333333333333,0.3076923076923077,0.1111111111111111,0.42857142857142855,0.3333333333333333,0.3333333333333333,0.4,0.25,0.5,0.4444444444444444,0.46153846153846156,0.14285714285714285,0.3333333333333333,0.5833333333333334,1.0,0.8,0.25,0.9,0.3333333333333333,0.5,0.2857142857142857,0.0,0.0,0.0,0.0,0.0,0.0,0.0,0.0,0.0,0.0,0.0,0.0,0.0,0.0,0.0,0.0,0.0,0.0,0.0,0.0,0.0,0.0,0.0,0.0,0.0,0.0,0.0,0.0,0.0,0.0,0.0,0.0,0.0
0.045454545454545456,0.21428571428571427,0.0,0.375,0.45454545454545453,0.5,0.6,0.2857142857142857,0.26666666666666666,0.2222222222222222,0.14285714285714285,0.23076923076923078,0.2222222222222222,0.3333333333333333,0.2,0.4,0.5,0.3333333333333333,0.42857142857142855,0.2,0.45454545454545453,0.6,0.2222222222222222,0.875,0.3333333333333333,0.42857142857142855,0.0,0.14285714285714285,0.5714285714285714,0.0,0.6,0.5,0.0,0.0,0.0,0.0,0.0,0.0,0.0,0.0,0.0,0.0,0.0,0.0,0.0,0.0,0.0,0.0,0.0,0.0,0.0,0.0,0.0,0.0,0.0,0.0,0.0,0.0,0.0,0.0,0.0,0.0,0.0,0.0,0.0
0.4166666666666667,0.0,0.0,0.3333333333333333,0.2,0.0,0.5,0.42857142857142855,0.125,0.5,0.42857142857142855,0.0,0.14285714285714285,0.14285714285714285,0.25,0.5454545454545454,0.4444444444444444,0.75,0.6,0.3333333333333333,1.0,0.0,0.4,0.16666666666666666,0.2,0.375,0.3333333333333333,0.16666666666666666,0.15384615384615385,0.3333333333333333,0.42857142857142855,1.0,0.0,0.0,0.0,0.0,0.0,0.0,0.0,0.0,0.0,0.0,0.0,0.0,0.0,0.0,0.0,0.0,0.0,0.0,0.0,0.0,0.0,0.0,0.0,0.0,0.0,0.0,0.0,0.0,0.0,0.0,0.0,0.0,0.0
0.0,0.3333333333333333,0.0,0.42857142857142855,0.25,0.2,0.0,0.5,0.4,0.2,0.2857142857142857,0.6,0.08333333333333333,0.4444444444444444,0.25,0.4,0.0,0.0,0.42857142857142855,0.1111111111111111,0.0,0.14285714285714285,0.6666666666666666,0.4444444444444444,0.5,0.0,0.6666666666666666,0.5,0.5555555555555556,0.6666666666666666,0.625,0.5,0.0,0.0,0.0,0.0,0.0,0.0,0.0,0.0,0.0,0.0,0.0,0.0,0.0,0.0,0.0,0.0,0.0,0.0,0.0,0.0,0.0,0.0,0.0,0.0,0.0,0.0,0.0,0.0,0.0,0.0,0.0,0.0,0.0
0.13333333333333333,0.0,0.0,0.0,0.2727272727272727,0.3076923076923077,0.125,0.5,0.4,0.5,0.2857142857142857,0.2,0.375,0.5,0.3333333333333333,0.25,0.1,0.4,0.0,0.3333333333333333,0.0,0.5,0.25,0.16666666666666666,0.0,0.14285714285714285,0.375,0.0,0.16666666666666666,0.5454545454545454,0.42857142857142855,0.0,0.0,0.0,0.0,0.0,0.0,0.0,0.0,0.0,0.0,0.0,0.0,0.0,0.0,0.0,0.0,0.0,0.0,0.0,0.0,0.0,0.0,0.0,0.0,0.0,0.0,0.0,0.0,0.0,0.0,0.0,0.0,0.0,0.0
0.35714285714285715,0.0,0.0,0.3333333333333333,0.2857142857142857,0.25,0.5,0.0,0.3333333333333333,0.2857142857142857,0.75,0.5,0.16666666666666666,0.2857142857142857,0.2,0.5,1.0,0.8,0.0,0.5,0.14285714285714285,0.0,0.36363636363636365,0.375,0.4,0.0,0.25,0.42857142857142855,0.375,0.5,0.5555555555555556,0.0,0.0,0.0,0.0,0.0,0.0,0.0,0.0,0.0,0.0,0.0,0.0,0.0,0.0,0.0,0.0,0.0,0.0,0.0,0.0,0.0,0.0,0.0,0.0,0.0,0.0,0.0,0.0,0.0,0.0,0.0,0.0,0.0,0.0
0.0,0.3076923076923077,0.2857142857142857,0.0,0.2857142857142857,0.375,0.75,0.6,0.6,1.0,0.5,0.4,0.7142857142857143,0.5,0.16666666666666666,0.16666666666666666,0.0,0.2,0.2857142857142857,0.0,0.0,0.3333333333333333,0.0,0.5,0.0,0.375,0.0,0.0,0.5,0.5,0.0,0.6666666666666666,0.0,0.0,0.0,0.0,0.0,0.0,0.0,0.0,0.0,0.0,0.0,0.0,0.0,0.0,0.0,0.0,0.0,0.0,0.0,0.0,0.0,0.0,0.0,0.0,0.0,0.0,0.0,0.0,0.0,0.0,0.0,0.0,0.0
0.08333333333333333,0.25,0.15384615384615385,0.36363636363636365,0.375,0.0,0.14285714285714285,0.625,0.14285714285714285,0.5555555555555556,0.2857142857142857,0.0,0.2,0.3333333333333333,0.8,0.6666666666666666,0.2857142857142857,0.0,0.3333333333333333,0.4,0.5,0.2727272727272727,0.5,0.5714285714285714,0.6666666666666666,0.5,0.25,1.0,0.42857142857142855,0.0,0.5,0.25,0.0,0.0,0.0,0.0,0.0,0.0,0.0,0.0,0.0,0.0,0.0,0.0,0.0,0.0,0.0,0.0,0.0,0.0,0.0,0.0,0.0,0.0,0.0,0.0,0.0,0.0,0.0,0.0,0.0,0.0,0.0,0.0,0.0
0.0,0.2,0.18181818181818182,0.0,0.7142857142857143,0.2857142857142857,0.0,0.5,0.6,0.0,0.2,0.375,0.3,0.3333333333333333,0.0,0.0,0.2,0.3333333333333333,0.5714285714285714,0.2,0.5,0.375,0.6666666666666666,0.75,0.16666666666666666,0.5,0.0,0.3333333333333333,0.25,0.2,0.4444444444444444,0.5,0.0,0.0,0.0,0.0,0.0,0.0,0.0,0.0,0.0,0.0,0.0,0.0,0.0,0.0,0.0,0.0,0.0,0.0,0.0,0.0,0.0,0.0,0.0,0.0,0.0,0.0,0.0,0.0,0.0,0.0,0.0,0.0,0.0
0.0,0.125,0.0,0.2,0.5,0.6666666666666666,0.5,0.25,0.0,0.375,0.3076923076923077,0.5,0.0,0.0,0.0,0.4,0.2222222222222222,0.6666666666666666,0.5,0.0,0.0,0.2,0.0,1.0,0.0,0.5,0.6666666666666666,0.3333333333333333,0.3333333333333333,0.16666666666666666,0.5,0.25,0.0,0.0,0.0,0.0,0.0,0.0,0.0,0.0,0.0,0.0,0.0,0.0,0.0,0.0,0.0,0.0,0.0,0.0,0.0,0.0,0.0,0.0,0.0,0.0,0.0,0.0,0.0,0.0,0.0,0.0,0.0,0.0,0.0
0.08626760563380281,0.11252268602540835,0.14220183486238533,0.16481069042316257,0.15098468271334792,0.1676470588235294,0.18205128205128204,0.20293398533007334,0.17464114832535885,0.1683673469387755,0.21212121212121213,0.20910973084886128,0.21615720524017468,0.17737789203084833,0.23383084577114427,0.2,0.24937655860349128,0.22305764411027568,0.19548872180451127,0.1989795918367347,0.22482435597189696,0.22762148337595908,0.24069478908188585,0.2743589743589744,0.23291139240506328,0.2675324675324675,0.25495049504950495,0.22478386167146974,0.27113702623906705,0.2571428571428571,0.29971181556195964,0.2802197802197802,0.0,0.0,0.0,0.0,0.0,0.0,0.0,0.0,0.0,0.0,0.0,0.0,0.0,0.0,0.0,0.0,0.0,0.0,0.0,0.0,0.0,0.0,0.0,0.0,0.0,0.0,0.0,0.0,0.0,0.0,0.0,0.0,0.0
